wavelength_100s,snr_100s,wavelength_1000s,snr_1000s
9.390000000000000000e+02,1.989916748587099660e+00,9.390000000000000000e+02,6.292669279651883052e+00
9.410000000000000000e+02,2.342474234792001564e+00,9.410000000000000000e+02,7.407553942202764752e+00
9.430000000000000000e+02,2.493519396455252668e+00,9.430000000000000000e+02,7.885200682606986256e+00
9.450000000000000000e+02,2.444910265568095209e+00,9.450000000000000000e+02,7.731485113922327734e+00
9.470000000000000000e+02,2.193817036936180909e+00,9.470000000000000000e+02,6.937458606400072725e+00
9.490000000000000000e+02,1.652174532862930034e+00,9.490000000000000000e+02,5.224634615971571527e+00
9.510000000000000000e+02,1.935546589130709760e+00,9.510000000000000000e+02,6.120735739023147381e+00
9.530000000000000000e+02,2.488812589274793208e+00,9.530000000000000000e+02,7.870316451409499869e+00
9.550000000000000000e+02,3.070735573104272031e+00,9.550000000000000000e+02,9.710518503111984501e+00
9.570000000000000000e+02,3.473638126065393461e+00,9.570000000000000000e+02,1.098460824556574522e+01
9.590000000000000000e+02,3.796464377395735390e+00,9.590000000000000000e+02,1.200547448826358909e+01
9.610000000000000000e+02,4.059883225991594458e+00,9.610000000000000000e+02,1.283847802844555197e+01
9.630000000000000000e+02,4.174454688973000316e+00,9.630000000000000000e+02,1.320078480632445839e+01
9.650000000000000000e+02,4.311214043467452406e+00,9.650000000000000000e+02,1.363325585786131455e+01
9.670000000000000000e+02,4.315221563118969428e+00,9.670000000000000000e+02,1.364592874772798936e+01
9.690000000000000000e+02,3.977231887193171556e+00,9.690000000000000000e+02,1.257711154618029070e+01
9.710000000000000000e+02,3.328651775124064294e+00,9.710000000000000000e+02,1.052612114695464918e+01
9.730000000000000000e+02,2.940685109895373905e+00,9.730000000000000000e+02,9.299262828611936982e+00
9.750000000000000000e+02,4.042351370285729217e+00,9.750000000000000000e+02,1.278303743280559779e+01
9.770000000000000000e+02,4.577990393942891423e+00,9.770000000000000000e+02,1.447687675123104611e+01
9.790000000000000000e+02,5.206859622658696729e+00,9.790000000000000000e+02,1.646553586436635541e+01
9.810000000000000000e+02,5.359938691588504334e+00,9.810000000000000000e+02,1.694961438428246225e+01
9.830000000000000000e+02,5.414997668822423726e+00,9.830000000000000000e+02,1.712372615798100384e+01
9.850000000000000000e+02,5.346248704249071615e+00,9.850000000000000000e+02,1.690632284315098488e+01
9.870000000000000000e+02,5.219005706578665027e+00,9.870000000000000000e+02,1.650394515420499886e+01
9.890000000000000000e+02,4.749752238591568698e+00,9.890000000000000000e+02,1.502003539543286692e+01
9.910000000000000000e+02,5.561730775114896552e+00,9.910000000000000000e+02,1.758773698201679991e+01
9.930000000000000000e+02,6.296425618919985645e+00,9.930000000000000000e+02,1.991104607362253276e+01
9.950000000000000000e+02,6.918499134112337856e+00,9.950000000000000000e+02,2.187821525369772147e+01
9.970000000000000000e+02,7.339461103879328263e+00,9.970000000000000000e+02,2.320941388647235115e+01
9.990000000000000000e+02,8.385342256511552961e+00,9.990000000000000000e+02,2.651678049063238873e+01
1.001000000000000000e+03,9.716046438955279640e+00,1.001000000000000000e+03,3.072483659906681197e+01
1.003000000000000000e+03,1.101314953088090931e+01,1.003000000000000000e+03,3.482663672959856882e+01
1.005000000000000000e+03,1.230214113718394486e+01,1.005000000000000000e+03,3.890278609035521384e+01
1.007000000000000000e+03,1.353165990550253461e+01,1.007000000000000000e+03,4.279086582416682205e+01
1.009000000000000000e+03,1.522338192300615312e+01,1.009000000000000000e+03,4.814056056733349465e+01
1.011000000000000000e+03,1.619230490056706984e+01,1.011000000000000000e+03,5.120456405369820629e+01
1.013000000000000000e+03,1.679088541808829760e+01,1.013000000000000000e+03,5.309744185206761813e+01
1.015000000000000000e+03,1.730433473686321122e+01,1.015000000000000000e+03,5.472111116245820028e+01
1.017000000000000000e+03,1.760461313452648469e+01,1.017000000000000000e+03,5.567067483121993376e+01
1.019000000000000000e+03,1.743956899621062817e+01,1.019000000000000000e+03,5.514875943968196026e+01
1.021000000000000000e+03,1.637999890994879948e+01,1.021000000000000000e+03,5.179810462651348502e+01
1.023000000000000000e+03,1.480995540267027977e+01,1.023000000000000000e+03,4.683319111795422174e+01
1.025000000000000000e+03,1.229234420431554753e+01,1.025000000000000000e+03,3.887180546840730955e+01
1.027000000000000000e+03,1.351579404601349310e+01,1.027000000000000000e+03,4.274069357114525758e+01
1.029000000000000000e+03,1.644658968763861751e+01,1.029000000000000000e+03,5.200868315517523399e+01
1.031000000000000000e+03,1.868219644358479670e+01,1.031000000000000000e+03,5.907829245642535199e+01
1.033000000000000000e+03,2.031497730899468124e+01,1.033000000000000000e+03,6.424159891106143050e+01
1.035000000000000000e+03,2.161002341727787623e+01,1.035000000000000000e+03,6.833689428817335454e+01
1.037000000000000000e+03,2.204633000323748959e+01,1.037000000000000000e+03,6.971661685793780805e+01
1.039000000000000000e+03,2.285149959457737978e+01,1.039000000000000000e+03,7.226278666927883876e+01
1.041000000000000000e+03,2.389059647366649131e+01,1.041000000000000000e+03,7.554869951677301287e+01
1.043000000000000000e+03,2.419219295536974812e+01,1.043000000000000000e+03,7.650243133324860878e+01
1.045000000000000000e+03,2.466583370089437111e+01,1.045000000000000000e+03,7.800021488176660966e+01
1.047000000000000000e+03,2.502823191710302098e+01,1.047000000000000000e+03,7.914621866496808877e+01
1.049000000000000000e+03,2.499823327200421019e+01,1.049000000000000000e+03,7.905135461973681288e+01
1.051000000000000000e+03,2.548669146372773042e+01,1.051000000000000000e+03,8.059599504735032838e+01
1.053000000000000000e+03,2.552263272685454609e+01,1.053000000000000000e+03,8.070965130081449956e+01
1.055000000000000000e+03,2.566543215296501756e+01,1.055000000000000000e+03,8.116122273588850078e+01
1.057000000000000000e+03,2.579842557426073313e+01,1.057000000000000000e+03,8.158178486100131011e+01
1.059000000000000000e+03,2.583884516827139066e+01,1.059000000000000000e+03,8.170960284017427000e+01
1.061000000000000000e+03,2.588201109491992113e+01,1.061000000000000000e+03,8.184610548569540356e+01
1.063000000000000000e+03,2.590002199248438330e+01,1.063000000000000000e+03,8.190306094470308551e+01
1.065000000000000000e+03,2.615981591533889627e+01,1.065000000000000000e+03,8.272460146319340879e+01
1.067000000000000000e+03,2.597593822628257954e+01,1.067000000000000000e+03,8.214312915488723377e+01
1.069000000000000000e+03,2.631219273369014999e+01,1.069000000000000000e+03,8.320645927179310775e+01
1.071000000000000000e+03,2.640197832464593120e+01,1.071000000000000000e+03,8.349038624027758715e+01
1.073000000000000000e+03,2.636978252026784730e+01,1.073000000000000000e+03,8.338857416734164474e+01
1.075000000000000000e+03,2.645317198676547221e+01,1.075000000000000000e+03,8.365227481434044421e+01
1.077000000000000000e+03,2.646112333664363092e+01,1.077000000000000000e+03,8.367741919042832421e+01
1.079000000000000000e+03,2.653689962179321782e+01,1.079000000000000000e+03,8.391704484412740328e+01
1.081000000000000000e+03,2.649754552938466290e+01,1.081000000000000000e+03,8.379259627686762713e+01
1.083000000000000000e+03,2.620147117443502793e+01,1.083000000000000000e+03,8.285632695846165063e+01
1.085000000000000000e+03,2.665144970989496898e+01,1.085000000000000000e+03,8.427928402870189473e+01
1.087000000000000000e+03,2.644950316016747038e+01,1.087000000000000000e+03,8.364067296595054302e+01
1.089000000000000000e+03,2.727993923530857501e+01,1.089000000000000000e+03,8.626674241456717596e+01
1.091000000000000000e+03,2.647974492163401550e+01,1.091000000000000000e+03,8.373630581264033879e+01
1.093000000000000000e+03,2.643043337119294023e+01,1.093000000000000000e+03,8.358036899829225774e+01
1.095000000000000000e+03,2.628543849523751774e+01,1.095000000000000000e+03,8.312185494121955287e+01
1.097000000000000000e+03,2.638299156317036775e+01,1.097000000000000000e+03,8.343034482862448442e+01
1.099000000000000000e+03,2.635743112693913304e+01,1.099000000000000000e+03,8.334951563214629289e+01
1.101000000000000000e+03,2.641404379922731138e+01,1.101000000000000000e+03,8.352854062100563226e+01
1.103000000000000000e+03,2.637134496056955513e+01,1.103000000000000000e+03,8.339351503740307692e+01
1.105000000000000000e+03,2.622397014516318237e+01,1.105000000000000000e+03,8.292747495097206922e+01
1.107000000000000000e+03,2.633234277878520047e+01,1.107000000000000000e+03,8.327017930924857581e+01
1.109000000000000000e+03,2.624228247963684879e+01,1.109000000000000000e+03,8.298538363718365929e+01
1.111000000000000000e+03,2.627358500573737388e+01,1.111000000000000000e+03,8.308437091617820158e+01
1.113000000000000000e+03,2.627645969514861690e+01,1.113000000000000000e+03,8.309346148228328843e+01
1.115000000000000000e+03,2.631231610338778637e+01,1.115000000000000000e+03,8.320684940103190286e+01
1.117000000000000000e+03,2.621683794295594438e+01,1.117000000000000000e+03,8.290492094726431560e+01
1.119000000000000000e+03,2.640075078084601401e+01,1.119000000000000000e+03,8.348650440594225586e+01
1.121000000000000000e+03,2.646021683158301130e+01,1.121000000000000000e+03,8.367455256972630195e+01
1.123000000000000000e+03,2.611159665318107059e+01,1.123000000000000000e+03,8.257211876768192838e+01
1.125000000000000000e+03,2.631308028708293634e+01,1.125000000000000000e+03,8.320926596205931958e+01
1.127000000000000000e+03,2.598464623907234383e+01,1.127000000000000000e+03,8.217066630919677550e+01
1.129000000000000000e+03,2.581763641865041947e+01,1.129000000000000000e+03,8.164253488504779455e+01
1.131000000000000000e+03,2.585643429176393937e+01,1.131000000000000000e+03,8.176522453245671329e+01
1.133000000000000000e+03,2.567552383505355351e+01,1.133000000000000000e+03,8.119313543671060529e+01
1.135000000000000000e+03,2.445705002539660811e+01,1.135000000000000000e+03,7.733998292893217297e+01
1.137000000000000000e+03,2.534173450198188959e+01,1.137000000000000000e+03,8.013760088553559058e+01
1.139000000000000000e+03,2.530529234381256032e+01,1.139000000000000000e+03,8.002236066286836547e+01
1.141000000000000000e+03,2.520768594094867154e+01,1.141000000000000000e+03,7.971370211560251562e+01
1.143000000000000000e+03,2.505775613061971185e+01,1.143000000000000000e+03,7.923958242580597755e+01
1.145000000000000000e+03,2.478236494262360878e+01,1.145000000000000000e+03,7.836871902419865421e+01
1.147000000000000000e+03,2.475853098983485268e+01,1.147000000000000000e+03,7.829334944774126370e+01
1.149000000000000000e+03,2.460916009953641037e+01,1.149000000000000000e+03,7.782099721827103167e+01
1.151000000000000000e+03,1.889205895036902660e+01,1.151000000000000000e+03,5.974193597333606220e+01
1.153000000000000000e+03,3.077110960323758349e+01,1.153000000000000000e+03,9.730679247691088563e+01
1.155000000000000000e+03,2.461567918038731761e+01,1.155000000000000000e+03,7.784161236201069300e+01
1.157000000000000000e+03,2.616230562078786193e+01,1.157000000000000000e+03,8.273247460311506529e+01
1.159000000000000000e+03,2.493806459309753620e+01,1.159000000000000000e+03,7.886108455058838729e+01
1.161000000000000000e+03,2.483153922052201423e+01,1.161000000000000000e+03,7.852422174465169746e+01
1.163000000000000000e+03,2.969845758174830053e+01,1.163000000000000000e+03,9.391476895222089638e+01
1.165000000000000000e+03,2.422641659314445306e+01,1.165000000000000000e+03,7.661065597843324326e+01
1.167000000000000000e+03,2.490859010271006824e+01,1.167000000000000000e+03,7.876787802809124628e+01
1.169000000000000000e+03,2.191602687656033410e+01,1.169000000000000000e+03,6.930456219139652774e+01
1.171000000000000000e+03,2.205231774645250553e+01,1.171000000000000000e+03,6.973555176454146931e+01
1.173000000000000000e+03,2.367229402790853854e+01,1.173000000000000000e+03,7.485836656939252975e+01
1.175000000000000000e+03,2.981705071539666463e+01,1.175000000000000000e+03,9.428979336940645339e+01
1.177000000000000000e+03,1.994467901813441912e+01,1.177000000000000000e+03,6.307061289827547768e+01
1.179000000000000000e+03,2.131585122136591437e+01,1.179000000000000000e+03,6.740664012479830092e+01
1.181000000000000000e+03,2.040368741452299872e+01,1.181000000000000000e+03,6.452212489600481149e+01
1.183000000000000000e+03,1.929060053740300518e+01,1.183000000000000000e+03,6.100223513066164571e+01
1.185000000000000000e+03,2.681878664139973978e+01,1.185000000000000000e+03,8.480844986892054749e+01
1.187000000000000000e+03,2.288390458490720647e+01,1.187000000000000000e+03,7.236526024627681863e+01
1.189000000000000000e+03,1.715279858947439706e+01,1.189000000000000000e+03,5.424191178886257347e+01
1.191000000000000000e+03,1.846162505449021296e+01,1.191000000000000000e+03,5.838078448021924771e+01
1.193000000000000000e+03,1.872278895617244743e+01,1.193000000000000000e+03,5.920665725215138053e+01
1.195000000000000000e+03,2.511420653056220686e+01,1.195000000000000000e+03,7.941809426445166764e+01
1.197000000000000000e+03,1.840750386809408568e+01,1.197000000000000000e+03,5.820963826153695209e+01
1.199000000000000000e+03,1.915262167868162635e+01,1.199000000000000000e+03,6.056590766815151028e+01
1.201000000000000000e+03,2.001180333839524650e+01,1.201000000000000000e+03,6.328287863669028468e+01
1.203000000000000000e+03,1.928738109028421732e+01,1.203000000000000000e+03,6.099205434495981848e+01
1.205000000000000000e+03,2.560477344503069830e+01,1.205000000000000000e+03,8.096940305889313549e+01
1.207000000000000000e+03,1.804031763453456350e+01,1.207000000000000000e+03,5.704849343803030592e+01
1.209000000000000000e+03,1.448744149258396696e+01,1.209000000000000000e+03,4.581331258499471915e+01
1.211000000000000000e+03,2.042297321788153752e+01,1.211000000000000000e+03,6.458311196112390462e+01
1.213000000000000000e+03,1.622141783764710965e+01,1.213000000000000000e+03,5.129662724424830600e+01
1.215000000000000000e+03,2.181511079874816517e+01,1.215000000000000000e+03,6.898543753297927594e+01
1.217000000000000000e+03,1.551985467945685215e+01,1.217000000000000000e+03,4.907808974190608353e+01
1.219000000000000000e+03,1.680313993749451029e+01,1.219000000000000000e+03,5.313619404502198051e+01
1.221000000000000000e+03,1.768698275564985423e+01,1.221000000000000000e+03,5.593115044397488589e+01
1.223000000000000000e+03,1.747145682216260099e+01,1.223000000000000000e+03,5.524959759932121273e+01
1.225000000000000000e+03,1.821681952679462313e+01,1.225000000000000000e+03,5.760664142890173878e+01
1.227000000000000000e+03,2.401200230598041685e+01,1.227000000000000000e+03,7.593261846811348903e+01
1.229000000000000000e+03,1.945396621646250779e+01,1.229000000000000000e+03,6.151884276798976714e+01
1.231000000000000000e+03,1.666613156578248223e+01,1.231000000000000000e+03,5.270293553190099800e+01
1.233000000000000000e+03,1.900786142688659908e+01,1.233000000000000000e+03,6.010813555781974316e+01
1.235000000000000000e+03,1.797604195784454006e+01,1.235000000000000000e+03,5.684523590154124406e+01
1.237000000000000000e+03,2.559391606815224307e+01,1.237000000000000000e+03,8.093506901854235025e+01
1.239000000000000000e+03,1.901051100801036142e+01,1.239000000000000000e+03,6.011651426901622841e+01
1.241000000000000000e+03,1.860726609269685738e+01,1.241000000000000000e+03,5.884134188174383695e+01
1.243000000000000000e+03,1.668488987794962952e+01,1.243000000000000000e+03,5.276225452340963074e+01
1.245000000000000000e+03,1.867431894882187393e+01,1.245000000000000000e+03,5.905338163071845514e+01
1.247000000000000000e+03,2.397386098642702024e+01,1.247000000000000000e+03,7.581200502536043473e+01
1.249000000000000000e+03,1.782649568073522772e+01,1.249000000000000000e+03,5.637232905027710927e+01
1.251000000000000000e+03,1.690723572275818043e+01,1.251000000000000000e+03,5.346537382127897331e+01
1.253000000000000000e+03,1.853293486791511668e+01,1.253000000000000000e+03,5.860628591016359223e+01
1.255000000000000000e+03,1.644576763150712040e+01,1.255000000000000000e+03,5.200608358543519927e+01
1.257000000000000000e+03,2.308066016242580787e+01,1.257000000000000000e+03,7.298745601357740043e+01
1.259000000000000000e+03,1.739150194390136761e+01,1.259000000000000000e+03,5.499675807397423455e+01
1.261000000000000000e+03,1.588262440270668030e+01,1.261000000000000000e+03,5.022526833352448961e+01
1.263000000000000000e+03,1.601215871526039436e+01,1.263000000000000000e+03,5.063489179633835846e+01
1.265000000000000000e+03,1.639404890936573977e+01,1.265000000000000000e+03,5.184253462579505367e+01
1.267000000000000000e+03,2.270639822555772369e+01,1.267000000000000000e+03,7.180393585156812719e+01
1.269000000000000000e+03,1.523963664430256415e+01,1.269000000000000000e+03,4.819196250936139592e+01
1.271000000000000000e+03,1.659593530847792664e+01,1.271000000000000000e+03,5.248095547559937302e+01
1.273000000000000000e+03,1.724181397727301857e+01,1.273000000000000000e+03,5.452340316110937124e+01
1.275000000000000000e+03,1.458206149686913911e+01,1.275000000000000000e+03,4.611252731075075673e+01
1.277000000000000000e+03,2.229043228021278722e+01,1.277000000000000000e+03,7.048853603521298794e+01
1.279000000000000000e+03,1.641923479682270681e+01,1.279000000000000000e+03,5.192217939505174229e+01
1.281000000000000000e+03,1.466638803971138572e+01,1.281000000000000000e+03,4.637919125334001791e+01
1.283000000000000000e+03,1.533360372579345210e+01,1.283000000000000000e+03,4.848911251195125516e+01
1.285000000000000000e+03,1.492690955550621723e+01,1.285000000000000000e+03,4.720303262273122158e+01
1.287000000000000000e+03,1.507438557916753830e+01,1.287000000000000000e+03,4.766939275776587692e+01
1.289000000000000000e+03,2.120562223823074532e+01,1.289000000000000000e+03,6.705806547392687378e+01
1.291000000000000000e+03,1.295200376437301237e+01,1.291000000000000000e+03,4.095783215849353098e+01
1.293000000000000000e+03,1.403196919629740336e+01,1.293000000000000000e+03,4.437298271762212920e+01
1.295000000000000000e+03,1.452592564413099474e+01,1.295000000000000000e+03,4.593501015770242191e+01
1.297000000000000000e+03,1.467137495348266363e+01,1.297000000000000000e+03,4.639496125935212234e+01
1.299000000000000000e+03,2.013043480595989365e+01,1.299000000000000000e+03,6.365802427636295135e+01
1.301000000000000000e+03,1.520409138263652338e+01,1.301000000000000000e+03,4.807955852247003747e+01
1.303000000000000000e+03,1.514039121717173053e+01,1.303000000000000000e+03,4.787812091227170441e+01
1.305000000000000000e+03,1.366276356127423597e+01,1.305000000000000000e+03,4.320545198598008341e+01
1.307000000000000000e+03,1.533147953504904848e+01,1.307000000000000000e+03,4.848239523101429427e+01
1.309000000000000000e+03,1.979638786081785895e+01,1.309000000000000000e+03,6.260167508429280758e+01
1.311000000000000000e+03,1.326664926481246987e+01,1.311000000000000000e+03,4.195282859540571962e+01
1.313000000000000000e+03,1.497728980932052245e+01,1.313000000000000000e+03,4.736234897388181508e+01
1.315000000000000000e+03,1.331936314416650369e+01,1.315000000000000000e+03,4.211952451846779866e+01
1.317000000000000000e+03,1.299213699278441858e+01,1.317000000000000000e+03,4.108474457012935233e+01
1.319000000000000000e+03,1.998500685357548079e+01,1.319000000000000000e+03,6.319814071137368927e+01
1.321000000000000000e+03,1.410346725019519099e+01,1.321000000000000000e+03,4.459907941620861749e+01
1.323000000000000000e+03,1.347020744693552707e+01,1.323000000000000000e+03,4.259653608727795415e+01
1.325000000000000000e+03,1.358441243365164297e+01,1.325000000000000000e+03,4.295768396545016543e+01
1.327000000000000000e+03,1.329533386699720410e+01,1.327000000000000000e+03,4.204353727208532376e+01
1.329000000000000000e+03,1.965888652971326067e+01,1.329000000000000000e+03,6.216685769669732764e+01
1.331000000000000000e+03,1.347451330432244454e+01,1.331000000000000000e+03,4.261015240390047865e+01
1.333000000000000000e+03,1.338109167033902835e+01,1.333000000000000000e+03,4.231472725777828714e+01
1.335000000000000000e+03,1.335072464497504541e+01,1.335000000000000000e+03,4.221869829186400835e+01
1.337000000000000000e+03,1.286177265701252992e+01,1.337000000000000000e+03,4.067249634343522757e+01
1.339000000000000000e+03,1.289399965103614321e+01,1.339000000000000000e+03,4.077440704669047733e+01
1.341000000000000000e+03,1.989540378572147006e+01,1.341000000000000000e+03,6.291479093161640890e+01
1.343000000000000000e+03,1.289028908457040679e+01,1.343000000000000000e+03,4.076267320524929971e+01
1.345000000000000000e+03,1.311808069457715398e+01,1.345000000000000000e+03,4.148301352474743453e+01
1.347000000000000000e+03,1.375340067249450726e+01,1.347000000000000000e+03,4.349207169797414707e+01
1.349000000000000000e+03,1.318244338504869440e+01,1.349000000000000000e+03,4.168654622297391654e+01
1.351000000000000000e+03,1.931970305798617460e+01,1.351000000000000000e+03,6.109426538135641493e+01
1.353000000000000000e+03,1.315575403352430151e+01,1.353000000000000000e+03,4.160214708288394547e+01
1.355000000000000000e+03,1.372080221365747299e+01,1.355000000000000000e+03,4.338898631983787624e+01
1.357000000000000000e+03,1.242944758103125480e+01,1.357000000000000000e+03,3.930536441372903056e+01
1.359000000000000000e+03,1.383044714650012530e+01,1.359000000000000000e+03,4.373571404151685726e+01
1.361000000000000000e+03,1.762347155483797323e+01,1.361000000000000000e+03,5.573031039247701557e+01
1.363000000000000000e+03,1.249618258152776207e+01,1.363000000000000000e+03,3.951639901495047269e+01
1.365000000000000000e+03,1.206982217085438158e+01,1.365000000000000000e+03,3.816812901309782546e+01
1.367000000000000000e+03,1.262718641982923096e+01,1.367000000000000000e+03,3.993066952620752375e+01
1.369000000000000000e+03,1.258257549384215501e+01,1.369000000000000000e+03,3.978959739155915543e+01
1.371000000000000000e+03,1.751361394958124151e+01,1.371000000000000000e+03,5.538291014157406522e+01
1.373000000000000000e+03,1.204198529209998192e+01,1.373000000000000000e+03,3.808010107328396998e+01
1.375000000000000000e+03,1.274163093608103203e+01,1.375000000000000000e+03,4.029257486327935567e+01
1.377000000000000000e+03,1.164984889047417482e+01,1.377000000000000000e+03,3.684005689068386857e+01
1.379000000000000000e+03,1.246976196522473757e+01,1.379000000000000000e+03,3.943284969024753650e+01
1.381000000000000000e+03,1.706006596837622880e+01,1.381000000000000000e+03,5.394866549279497292e+01
1.383000000000000000e+03,1.254669565285963806e+01,1.383000000000000000e+03,3.967613537196975670e+01
1.385000000000000000e+03,1.301997568898479685e+01,1.385000000000000000e+03,4.117277825721202333e+01
1.387000000000000000e+03,1.176682922711186130e+01,1.387000000000000000e+03,3.720998119591219222e+01
1.389000000000000000e+03,1.288396539178555855e+01,1.389000000000000000e+03,4.074267593282601752e+01
1.391000000000000000e+03,1.746874035507487832e+01,1.391000000000000000e+03,5.524100737613512990e+01
1.393000000000000000e+03,1.210750757208481332e+01,1.393000000000000000e+03,3.828730071552329406e+01
1.395000000000000000e+03,1.152841827816334508e+01,1.395000000000000000e+03,3.645605957811275744e+01
1.397000000000000000e+03,1.181519668149958768e+01,1.397000000000000000e+03,3.736293251640172031e+01
1.399000000000000000e+03,1.139296946536058464e+01,1.399000000000000000e+03,3.602773282329026472e+01
1.401000000000000000e+03,1.114867146733902459e+01,1.401000000000000000e+03,3.525519472172281610e+01
1.403000000000000000e+03,1.642186197583214380e+01,1.403000000000000000e+03,5.193048726454254194e+01
1.405000000000000000e+03,1.122556641633968511e+01,1.405000000000000000e+03,3.549835790112739886e+01
1.407000000000000000e+03,1.151987380550386142e+01,1.407000000000000000e+03,3.642903958310375145e+01
1.409000000000000000e+03,1.177549495583077288e+01,1.409000000000000000e+03,3.723738463624909656e+01
1.411000000000000000e+03,1.261260658304443361e+01,1.411000000000000000e+03,3.988456403405404416e+01
1.413000000000000000e+03,1.707547814060946578e+01,1.413000000000000000e+03,5.399740306074280483e+01
1.415000000000000000e+03,1.095064934889874664e+01,1.415000000000000000e+03,3.462899380035991470e+01
1.417000000000000000e+03,1.123321415635182063e+01,1.417000000000000000e+03,3.552254217851854889e+01
1.419000000000000000e+03,1.183739949347279641e+01,1.419000000000000000e+03,3.743314397269751481e+01
1.421000000000000000e+03,1.152767850438098485e+01,1.421000000000000000e+03,3.645372020800722623e+01
1.423000000000000000e+03,1.624031997243364955e+01,1.423000000000000000e+03,5.135640104281328178e+01
1.425000000000000000e+03,1.064042395371633987e+01,1.425000000000000000e+03,3.364797496355767947e+01
1.427000000000000000e+03,1.105624106463240253e+01,1.427000000000000000e+03,3.496290412412330539e+01
1.429000000000000000e+03,1.114134913232778601e+01,1.429000000000000000e+03,3.523203946529650921e+01
1.431000000000000000e+03,1.228050345459708836e+01,1.431000000000000000e+03,3.883436173009297931e+01
1.433000000000000000e+03,1.447298586390174613e+01,1.433000000000000000e+03,4.576759987334924062e+01
1.435000000000000000e+03,1.128267491212736040e+01,1.435000000000000000e+03,3.567895082156257303e+01
1.437000000000000000e+03,1.098529971877754186e+01,1.437000000000000000e+03,3.473856789094420350e+01
1.439000000000000000e+03,1.206423033081549079e+01,1.439000000000000000e+03,3.815044606226359747e+01
1.441000000000000000e+03,1.062792598269282607e+01,1.441000000000000000e+03,3.360845290899258941e+01
1.443000000000000000e+03,1.489614054753482719e+01,1.443000000000000000e+03,4.710573247619775117e+01
1.445000000000000000e+03,1.082778245665144290e+01,1.445000000000000000e+03,3.424045457183194685e+01
1.447000000000000000e+03,1.047847570564847075e+01,1.447000000000000000e+03,3.313584963658925631e+01
1.449000000000000000e+03,1.065687586825689337e+01,1.449000000000000000e+03,3.370000048537627180e+01
1.451000000000000000e+03,1.054246432940937517e+01,1.451000000000000000e+03,3.333819943201328329e+01
1.453000000000000000e+03,1.490571188407236036e+01,1.453000000000000000e+03,4.713599969990835348e+01
1.455000000000000000e+03,9.768466923720918516e+00,1.455000000000000000e+03,3.089060472697638815e+01
1.457000000000000000e+03,9.659727341321271865e+00,1.457000000000000000e+03,3.054673997477795311e+01
1.459000000000000000e+03,9.629235753727813929e+00,1.459000000000000000e+03,3.045031710850808793e+01
1.461000000000000000e+03,1.058195456595168693e+01,1.461000000000000000e+03,3.346307852482578937e+01
1.463000000000000000e+03,9.588198407395942979e+00,1.463000000000000000e+03,3.032054562497021877e+01
1.465000000000000000e+03,1.434549984002657652e+01,1.465000000000000000e+03,4.536445366806509583e+01
1.467000000000000000e+03,1.029291425326592879e+01,1.467000000000000000e+03,3.254905280113154475e+01
1.469000000000000000e+03,1.000133331768329548e+01,1.469000000000000000e+03,3.162699292240758453e+01
1.471000000000000000e+03,1.017549571751124482e+01,1.471000000000000000e+03,3.217774278862483328e+01
1.473000000000000000e+03,1.019001654970391790e+01,1.473000000000000000e+03,3.222366169187476714e+01
1.475000000000000000e+03,1.451617473839240269e+01,1.475000000000000000e+03,4.590417508631886534e+01
1.477000000000000000e+03,9.448629511632482547e+00,1.477000000000000000e+03,2.987919002384305500e+01
1.479000000000000000e+03,1.090332515078401521e+01,1.479000000000000000e+03,3.447934154587631639e+01
1.481000000000000000e+03,1.042084610628785057e+01,1.481000000000000000e+03,3.295360884196671236e+01
1.483000000000000000e+03,9.851008507578049134e+00,1.483000000000000000e+03,3.115162413364270932e+01
1.485000000000000000e+03,1.449742623671559016e+01,1.485000000000000000e+03,4.584488711830464780e+01
1.487000000000000000e+03,9.591578591433588485e+00,1.487000000000000000e+03,3.033123470543972289e+01
1.489000000000000000e+03,9.525047561661228457e+00,1.489000000000000000e+03,3.012084511628259520e+01
1.491000000000000000e+03,9.891785464602751432e+00,1.491000000000000000e+03,3.128057219389157595e+01
1.493000000000000000e+03,9.814738892496508882e+00,1.493000000000000000e+03,3.103692954012744565e+01
1.495000000000000000e+03,1.366890177718253874e+01,1.495000000000000000e+03,4.322486272902020232e+01
1.497000000000000000e+03,9.409912967098552627e+00,1.497000000000000000e+03,2.975675755998449645e+01
1.499000000000000000e+03,9.960646997897510957e+00,1.499000000000000000e+03,3.149833148227453705e+01
1.501000000000000000e+03,9.697032853531272423e+00,1.501000000000000000e+03,3.066471036264077199e+01
1.503000000000000000e+03,9.813411622879746332e+00,1.503000000000000000e+03,3.103273234506934131e+01
1.505000000000000000e+03,1.388864981652928599e+01,1.505000000000000000e+03,4.391976704471221638e+01
1.507000000000000000e+03,9.196696834646497010e+00,1.507000000000000000e+03,2.908250894754386806e+01
1.509000000000000000e+03,9.714122118163482256e+00,1.509000000000000000e+03,3.071875136241591164e+01
1.511000000000000000e+03,9.166503157460068607e+00,1.511000000000000000e+03,2.898702815669888366e+01
1.513000000000000000e+03,9.128799956566206575e+00,1.513000000000000000e+03,2.886780016679538363e+01
1.515000000000000000e+03,9.734579768037086467e+00,1.515000000000000000e+03,3.078344413159075899e+01
1.517000000000000000e+03,1.305812840226541383e+01,1.517000000000000000e+03,4.129342773009413747e+01
1.519000000000000000e+03,8.658700846029049103e+00,1.519000000000000000e+03,2.738121625147870830e+01
1.521000000000000000e+03,9.140001620297029561e+00,1.521000000000000000e+03,2.890322293776808138e+01
1.523000000000000000e+03,9.395581089142455156e+00,1.523000000000000000e+03,2.971143618249567453e+01
1.525000000000000000e+03,9.451341351221394405e+00,1.525000000000000000e+03,2.988776561359303940e+01
1.527000000000000000e+03,1.317958496269329238e+01,1.527000000000000000e+03,4.167750709781610396e+01
1.529000000000000000e+03,8.525560058081724790e+00,1.529000000000000000e+03,2.696018811209566834e+01
1.531000000000000000e+03,8.877822983002472412e+00,1.531000000000000000e+03,2.807414129007812065e+01
1.533000000000000000e+03,9.024488236345487024e+00,1.533000000000000000e+03,2.853793754424767215e+01
1.535000000000000000e+03,8.914249457953111744e+00,1.535000000000000000e+03,2.818933191805320959e+01
1.537000000000000000e+03,1.326720957174040016e+01,1.537000000000000000e+03,4.195460044148676104e+01
1.539000000000000000e+03,8.575698884841013836e+00,1.539000000000000000e+03,2.711874100386362230e+01
1.541000000000000000e+03,8.891444744831705549e+00,1.541000000000000000e+03,2.811721708320283852e+01
1.543000000000000000e+03,9.211902876411135921e+00,1.543000000000000000e+03,2.913059467371576972e+01
1.545000000000000000e+03,9.112534735918195850e+00,1.545000000000000000e+03,2.881636502290246682e+01
1.547000000000000000e+03,1.298216407551515061e+01,1.547000000000000000e+03,4.105320743664204031e+01
1.549000000000000000e+03,9.477815635081610068e+00,1.549000000000000000e+03,2.997148465001315287e+01
1.551000000000000000e+03,9.154935158635868930e+00,1.551000000000000000e+03,2.895044693244426171e+01
1.553000000000000000e+03,8.104879836868002840e+00,1.553000000000000000e+03,2.562988044647681818e+01
1.555000000000000000e+03,8.989291276442704870e+00,1.555000000000000000e+03,2.842663498424125379e+01
1.557000000000000000e+03,1.268498345383867409e+01,1.557000000000000000e+03,4.011343979567957518e+01
1.559000000000000000e+03,8.871543439120401331e+00,1.559000000000000000e+03,2.805428362874379644e+01
1.561000000000000000e+03,8.477454338138311840e+00,1.561000000000000000e+03,2.680806446859228842e+01
1.563000000000000000e+03,8.564775790026265767e+00,1.563000000000000000e+03,2.708419914515103954e+01
1.565000000000000000e+03,9.097163099759137950e+00,1.565000000000000000e+03,2.876775564127644103e+01
1.567000000000000000e+03,1.193258583446807108e+01,1.567000000000000000e+03,3.773414961238003684e+01
1.569000000000000000e+03,7.919082401225199241e+00,1.569000000000000000e+03,2.504233736642701302e+01
1.571000000000000000e+03,7.985454727863197988e+00,1.571000000000000000e+03,2.525222509220775535e+01
1.573000000000000000e+03,8.493570260666919225e+00,1.573000000000000000e+03,2.685902749037751036e+01
1.575000000000000000e+03,8.213931452195726735e+00,1.575000000000000000e+03,2.597473193343296316e+01
1.577000000000000000e+03,8.368950788137176744e+00,1.577000000000000000e+03,2.646494611637474392e+01
1.579000000000000000e+03,1.154762296640610764e+01,1.579000000000000000e+03,3.651679013471334656e+01
1.581000000000000000e+03,8.210254577431303602e+00,1.581000000000000000e+03,2.596310463450618755e+01
1.583000000000000000e+03,8.071546650345146290e+00,1.583000000000000000e+03,2.552447165539336638e+01
1.585000000000000000e+03,8.378409882570913680e+00,1.585000000000000000e+03,2.649485839938796872e+01
1.587000000000000000e+03,7.849096681930292085e+00,1.587000000000000000e+03,2.482102308976991267e+01
1.589000000000000000e+03,1.159245484003713145e+01,1.589000000000000000e+03,3.665856096716021995e+01
1.591000000000000000e+03,8.287610352893020504e+00,1.591000000000000000e+03,2.620772507513377292e+01
1.593000000000000000e+03,8.662954054264474735e+00,1.593000000000000000e+03,2.739466607686564004e+01
1.595000000000000000e+03,7.789506770612504738e+00,1.595000000000000000e+03,2.463258324443825842e+01
1.597000000000000000e+03,8.266774229912188687e+00,1.597000000000000000e+03,2.614183546890696519e+01
1.599000000000000000e+03,1.118242505374031381e+01,1.599000000000000000e+03,3.536193293395017889e+01
1.601000000000000000e+03,7.940181877521806264e+00,1.601000000000000000e+03,2.510905976896102487e+01
1.603000000000000000e+03,7.633753281924803957e+00,1.603000000000000000e+03,2.414004746666785550e+01
1.605000000000000000e+03,7.340309243021120977e+00,1.605000000000000000e+03,2.321209593793316017e+01
1.607000000000000000e+03,7.500445333082722321e+00,1.607000000000000000e+03,2.371849071812167153e+01
1.609000000000000000e+03,1.060244398373179742e+01,1.609000000000000000e+03,3.352787175294169941e+01
1.611000000000000000e+03,7.462128331737250875e+00,1.611000000000000000e+03,2.359732172076224899e+01
1.613000000000000000e+03,7.694188526337700118e+00,1.613000000000000000e+03,2.433116048996156877e+01
1.615000000000000000e+03,7.184554991763014264e+00,1.615000000000000000e+03,2.271955774870339795e+01
