waves, flux
9.390000000000000000e+02,3.380684765695122454e-12
9.410000000000000000e+02,4.668448925259941255e-12
9.430000000000000000e+02,5.276511415748079477e-12
9.450000000000000000e+02,5.062689490214684204e-12
9.470000000000000000e+02,4.070776268155773536e-12
9.490000000000000000e+02,2.310961762646858776e-12
9.510000000000000000e+02,3.158982472730419307e-12
9.530000000000000000e+02,4.435536593291024774e-12
9.550000000000000000e+02,5.799385500033285353e-12
9.570000000000000000e+02,6.487239500207911773e-12
9.590000000000000000e+02,6.842599493871260977e-12
9.610000000000000000e+02,6.941577309916349478e-12
9.630000000000000000e+02,6.536989572821040421e-12
9.650000000000000000e+02,6.233791966762146817e-12
9.670000000000000000e+02,5.695704175594643948e-12
9.690000000000000000e+02,4.501251042905718425e-12
9.710000000000000000e+02,2.960087644876108474e-12
9.730000000000000000e+02,2.196430660125661801e-12
9.750000000000000000e+02,4.018773644436595586e-12
9.770000000000000000e+02,4.996088930483905099e-12
9.790000000000000000e+02,6.312356589570655240e-12
9.810000000000000000e+02,6.931799304490804347e-12
9.830000000000000000e+02,7.386777686187732517e-12
9.850000000000000000e+02,7.598639067237335147e-12
9.870000000000000000e+02,7.572987925222390052e-12
9.890000000000000000e+02,6.564203851349699903e-12
9.910000000000000000e+02,7.803236483238891530e-12
9.930000000000000000e+02,8.252391194638811042e-12
9.950000000000000000e+02,8.289187450616064456e-12
9.970000000000000000e+02,7.837511360057188403e-12
9.990000000000000000e+02,8.036631560453872577e-12
1.001000000000000000e+03,7.915467107073553359e-12
1.003000000000000000e+03,7.784748920415259477e-12
1.005000000000000000e+03,7.653148449031194468e-12
1.007000000000000000e+03,7.478776236582562608e-12
1.009000000000000000e+03,7.320492423713150342e-12
1.011000000000000000e+03,7.117486307557021185e-12
1.013000000000000000e+03,6.838557354435143706e-12
1.015000000000000000e+03,6.516222440556655789e-12
1.017000000000000000e+03,6.051188547834226847e-12
1.019000000000000000e+03,5.433673620062001023e-12
1.021000000000000000e+03,4.524634652111866558e-12
1.023000000000000000e+03,3.536933908914809588e-12
1.025000000000000000e+03,2.334667148009215532e-12
1.027000000000000000e+03,2.707376930643684857e-12
1.029000000000000000e+03,3.858098256173471952e-12
1.031000000000000000e+03,4.798187418147570680e-12
1.033000000000000000e+03,5.470211340286925306e-12
1.035000000000000000e+03,5.970040225841219664e-12
1.037000000000000000e+03,6.011907580510279595e-12
1.039000000000000000e+03,6.282240987961048847e-12
1.041000000000000000e+03,6.680044405996987138e-12
1.043000000000000000e+03,6.716021453224566034e-12
1.045000000000000000e+03,6.858083844009936048e-12
1.047000000000000000e+03,6.936616471065348170e-12
1.049000000000000000e+03,6.798521710758608079e-12
1.051000000000000000e+03,6.978653008443150522e-12
1.053000000000000000e+03,6.946127278385620814e-12
1.055000000000000000e+03,6.971858727396286307e-12
1.057000000000000000e+03,6.992137411571917744e-12
1.059000000000000000e+03,6.962364825181576030e-12
1.061000000000000000e+03,6.926845790340714430e-12
1.063000000000000000e+03,6.845107326715068297e-12
1.065000000000000000e+03,6.891577456835445914e-12
1.067000000000000000e+03,6.705802256034579482e-12
1.069000000000000000e+03,6.803450354262448625e-12
1.071000000000000000e+03,6.789915212533474838e-12
1.073000000000000000e+03,6.714197188398382162e-12
1.075000000000000000e+03,6.697871795881469592e-12
1.077000000000000000e+03,6.643685345393430844e-12
1.079000000000000000e+03,6.642852576745018670e-12
1.081000000000000000e+03,6.590549067210209440e-12
1.083000000000000000e+03,6.403932199683055141e-12
1.085000000000000000e+03,6.581896007429959787e-12
1.087000000000000000e+03,6.439867589858760370e-12
1.089000000000000000e+03,6.773692447496489600e-12
1.091000000000000000e+03,6.310621851130645110e-12
1.093000000000000000e+03,6.216881790435848861e-12
1.095000000000000000e+03,6.088468154999651226e-12
1.097000000000000000e+03,6.094054269486770447e-12
1.099000000000000000e+03,6.043047767073974870e-12
1.101000000000000000e+03,6.030064668531114121e-12
1.103000000000000000e+03,5.973334093995640829e-12
1.105000000000000000e+03,5.878154733796048248e-12
1.107000000000000000e+03,5.910789999250204496e-12
1.109000000000000000e+03,5.854974627405051345e-12
1.111000000000000000e+03,5.853578816196379660e-12
1.113000000000000000e+03,5.839603177030416285e-12
1.115000000000000000e+03,5.840370448603172190e-12
1.117000000000000000e+03,5.783136260750524108e-12
1.119000000000000000e+03,5.853105706977731160e-12
1.121000000000000000e+03,5.874764922556606937e-12
1.123000000000000000e+03,5.722855650656421560e-12
1.125000000000000000e+03,5.819460305848072516e-12
1.127000000000000000e+03,5.688637143074496816e-12
1.129000000000000000e+03,5.630264031816857410e-12
1.131000000000000000e+03,5.655157112345292443e-12
1.133000000000000000e+03,5.619228212473807956e-12
1.135000000000000000e+03,5.138993070104482455e-12
1.137000000000000000e+03,5.542966710174908267e-12
1.139000000000000000e+03,5.533405170641291707e-12
1.141000000000000000e+03,5.497247301351525358e-12
1.143000000000000000e+03,5.445356202610363061e-12
1.145000000000000000e+03,5.350099644399979774e-12
1.147000000000000000e+03,5.372585571893481711e-12
1.149000000000000000e+03,5.349832170315973135e-12
1.151000000000000000e+03,3.179623014534782577e-12
1.153000000000000000e+03,8.510090201974129798e-12
1.155000000000000000e+03,5.504815353551961721e-12
1.157000000000000000e+03,6.289411699778035825e-12
1.159000000000000000e+03,5.782964385137034924e-12
1.161000000000000000e+03,5.802999573922829057e-12
1.163000000000000000e+03,8.401893330373111368e-12
1.165000000000000000e+03,5.659880984026921524e-12
1.167000000000000000e+03,6.052257653377246527e-12
1.169000000000000000e+03,4.738646974811189239e-12
1.171000000000000000e+03,4.852820836148685757e-12
1.173000000000000000e+03,5.656830472794416309e-12
1.175000000000000000e+03,9.082622241113336159e-12
1.177000000000000000e+03,4.115101922413932911e-12
1.179000000000000000e+03,4.761681066806078277e-12
1.181000000000000000e+03,4.420551164702191116e-12
1.183000000000000000e+03,4.004240949234683100e-12
1.185000000000000000e+03,7.842677462316371972e-12
1.187000000000000000e+03,5.787340658786055414e-12
1.189000000000000000e+03,3.299234583448162894e-12
1.191000000000000000e+03,3.878447476374224934e-12
1.193000000000000000e+03,4.048662446964890194e-12
1.195000000000000000e+03,7.381288288921261653e-12
1.197000000000000000e+03,3.994813594504487142e-12
1.199000000000000000e+03,4.335896659074522930e-12
1.201000000000000000e+03,4.259930515976284582e-12
1.203000000000000000e+03,3.994926351530425634e-12
1.205000000000000000e+03,7.104856416736970992e-12
1.207000000000000000e+03,3.557645714483137489e-12
1.209000000000000000e+03,2.313312952653689969e-12
1.211000000000000000e+03,4.634296852518149379e-12
1.213000000000000000e+03,2.947565802546847635e-12
1.215000000000000000e+03,5.375112030817086328e-12
1.217000000000000000e+03,2.743729722587406883e-12
1.219000000000000000e+03,3.243940923172705659e-12
1.221000000000000000e+03,3.625222951691986495e-12
1.223000000000000000e+03,3.568100459191980711e-12
1.225000000000000000e+03,3.912779822368150917e-12
1.227000000000000000e+03,6.857397679208010466e-12
1.229000000000000000e+03,4.533555388736010272e-12
1.231000000000000000e+03,3.347710780463031277e-12
1.233000000000000000e+03,4.381265315822613360e-12
1.235000000000000000e+03,3.942966179254492332e-12
1.237000000000000000e+03,8.043322952122622382e-12
1.239000000000000000e+03,4.466072910797036499e-12
1.241000000000000000e+03,4.306048139585127998e-12
1.243000000000000000e+03,3.484573523823697450e-12
1.245000000000000000e+03,4.393172891442587158e-12
1.247000000000000000e+03,7.287175420381264423e-12
1.249000000000000000e+03,4.051621451534037632e-12
1.251000000000000000e+03,3.663666592323977511e-12
1.253000000000000000e+03,4.424260003493829529e-12
1.255000000000000000e+03,3.501688956158988120e-12
1.257000000000000000e+03,6.933676506212793633e-12
1.259000000000000000e+03,3.958905685913505224e-12
1.261000000000000000e+03,3.320639986939544208e-12
1.263000000000000000e+03,3.402599816487716922e-12
1.265000000000000000e+03,3.596233337163634580e-12
1.267000000000000000e+03,6.955620975024334740e-12
1.269000000000000000e+03,3.159345831824089679e-12
1.271000000000000000e+03,3.777872112364910606e-12
1.273000000000000000e+03,4.111668904654974810e-12
1.275000000000000000e+03,2.965684555572556391e-12
1.277000000000000000e+03,6.987754125331591126e-12
1.279000000000000000e+03,3.822878645587390878e-12
1.281000000000000000e+03,3.074932669600016766e-12
1.283000000000000000e+03,3.388319139152606851e-12
1.285000000000000000e+03,3.237134952455145154e-12
1.287000000000000000e+03,3.328402874494540420e-12
1.289000000000000000e+03,6.640268630092593938e-12
1.291000000000000000e+03,2.497717961277845511e-12
1.293000000000000000e+03,2.955712063990034721e-12
1.295000000000000000e+03,3.193382841146230611e-12
1.297000000000000000e+03,3.283789906660672386e-12
1.299000000000000000e+03,6.279450483898108004e-12
1.301000000000000000e+03,3.633146518008945058e-12
1.303000000000000000e+03,3.647128172384883626e-12
1.305000000000000000e+03,3.006875998190494670e-12
1.307000000000000000e+03,3.833322981955378239e-12
1.309000000000000000e+03,6.462017769839900616e-12
1.311000000000000000e+03,2.905468400593580469e-12
1.313000000000000000e+03,3.707017765669506915e-12
1.315000000000000000e+03,2.917594985052396339e-12
1.317000000000000000e+03,2.762626282251656740e-12
1.319000000000000000e+03,6.505062764491920113e-12
1.321000000000000000e+03,3.228733686660989477e-12
1.323000000000000000e+03,2.945290495867669556e-12
1.325000000000000000e+03,2.996553959827563673e-12
1.327000000000000000e+03,2.872846491946967618e-12
1.329000000000000000e+03,6.287870614810064929e-12
1.331000000000000000e+03,2.957690732954820767e-12
1.333000000000000000e+03,2.920512573098554832e-12
1.335000000000000000e+03,2.910978099193717306e-12
1.337000000000000000e+03,2.705213440409859338e-12
1.339000000000000000e+03,2.722364434576407533e-12
1.341000000000000000e+03,6.489814545138083979e-12
1.343000000000000000e+03,2.728170337210067409e-12
1.345000000000000000e+03,2.830247321228274160e-12
1.347000000000000000e+03,3.126849690629485146e-12
1.349000000000000000e+03,2.887386944122605215e-12
1.351000000000000000e+03,6.231849671717304417e-12
1.353000000000000000e+03,2.903303899376430408e-12
1.355000000000000000e+03,3.172467713877247242e-12
1.357000000000000000e+03,2.615439548964149097e-12
1.359000000000000000e+03,3.253784177856267057e-12
1.361000000000000000e+03,5.308613357929425902e-12
1.363000000000000000e+03,2.682173060042369883e-12
1.365000000000000000e+03,2.514506398237914553e-12
1.367000000000000000e+03,2.765588105746452641e-12
1.369000000000000000e+03,2.759659688267301902e-12
1.371000000000000000e+03,5.372629641522963517e-12
1.373000000000000000e+03,2.552853761716988856e-12
1.375000000000000000e+03,2.872369226150639498e-12
1.377000000000000000e+03,2.413356407077182908e-12
1.379000000000000000e+03,2.778933550287576715e-12
1.381000000000000000e+03,5.219759086766417866e-12
1.383000000000000000e+03,2.834051352970656801e-12
1.385000000000000000e+03,3.063469183189893030e-12
1.387000000000000000e+03,2.511763149901091730e-12
1.389000000000000000e+03,3.022892049522885038e-12
1.391000000000000000e+03,5.578268099173944172e-12
1.393000000000000000e+03,2.690359870646807927e-12
1.395000000000000000e+03,2.448868798715642114e-12
1.397000000000000000e+03,2.582921506885660357e-12
1.399000000000000000e+03,2.412265916532096988e-12
1.401000000000000000e+03,2.324007089202217990e-12
1.403000000000000000e+03,5.074784559591649646e-12
1.405000000000000000e+03,2.387042386670090721e-12
1.407000000000000000e+03,2.530390176905261690e-12
1.409000000000000000e+03,2.661402565343196081e-12
1.411000000000000000e+03,3.073506076381460339e-12
1.413000000000000000e+03,5.670784588435173745e-12
1.415000000000000000e+03,2.348157692594332602e-12
1.417000000000000000e+03,2.490176901487339833e-12
1.419000000000000000e+03,2.789938852859608076e-12
1.421000000000000000e+03,2.655480002555776764e-12
1.423000000000000000e+03,5.288064040473439142e-12
1.425000000000000000e+03,2.277994199523236674e-12
1.427000000000000000e+03,2.468040962572137786e-12
1.429000000000000000e+03,2.514924249755190466e-12
1.431000000000000000e+03,3.066243439708848939e-12
1.433000000000000000e+03,4.273827168901900286e-12
1.435000000000000000e+03,2.606549741671071452e-12
1.437000000000000000e+03,2.483223262433886802e-12
1.439000000000000000e+03,3.014947232843345759e-12
1.441000000000000000e+03,2.355687043001375436e-12
1.443000000000000000e+03,4.658696388729066662e-12
1.445000000000000000e+03,2.478408754266747671e-12
1.447000000000000000e+03,2.335818604509709573e-12
1.449000000000000000e+03,2.428865051792850061e-12
1.451000000000000000e+03,2.389078084669149504e-12
1.453000000000000000e+03,4.798471732805897894e-12
1.455000000000000000e+03,2.071132978662126867e-12
1.457000000000000000e+03,2.029702794725807280e-12
1.459000000000000000e+03,2.020852018710939113e-12
1.461000000000000000e+03,2.445271849588204205e-12
1.463000000000000000e+03,2.011711760716017316e-12
1.465000000000000000e+03,4.511883488350632021e-12
1.467000000000000000e+03,2.327810687263731637e-12
1.469000000000000000e+03,2.201754186956228487e-12
1.471000000000000000e+03,2.281374091375742985e-12
1.473000000000000000e+03,2.289488260434624500e-12
1.475000000000000000e+03,4.647535177884631885e-12
1.477000000000000000e+03,1.970079481494746432e-12
1.479000000000000000e+03,2.625521544966091803e-12
1.481000000000000000e+03,2.400822379441946985e-12
1.483000000000000000e+03,2.147755497755587939e-12
1.485000000000000000e+03,4.656171065028913425e-12
1.487000000000000000e+03,2.040610952783183940e-12
1.489000000000000000e+03,2.014686377796448546e-12
1.491000000000000000e+03,2.175331746331887750e-12
1.493000000000000000e+03,2.144116047902988598e-12
1.495000000000000000e+03,4.163387950367747337e-12
1.497000000000000000e+03,1.975802334241993918e-12
1.499000000000000000e+03,2.216615996655790788e-12
1.501000000000000000e+03,2.103666633251899398e-12
1.503000000000000000e+03,2.158188558420981451e-12
1.505000000000000000e+03,4.330020283299651496e-12
1.507000000000000000e+03,1.902278464957496418e-12
1.509000000000000000e+03,2.126162310447932136e-12
1.511000000000000000e+03,1.896780258900387928e-12
1.513000000000000000e+03,1.884743880062322852e-12
1.515000000000000000e+03,2.147097820717758232e-12
1.517000000000000000e+03,3.870074616676988377e-12
1.519000000000000000e+03,1.705184279367222278e-12
1.521000000000000000e+03,1.903694866675631481e-12
1.523000000000000000e+03,2.015662376592119998e-12
1.525000000000000000e+03,2.043774437882062145e-12
1.527000000000000000e+03,3.981928285365365916e-12
1.529000000000000000e+03,1.669962779171640932e-12
1.531000000000000000e+03,1.814602829976197373e-12
1.533000000000000000e+03,1.879059841752850346e-12
1.535000000000000000e+03,1.837433200382876386e-12
1.537000000000000000e+03,4.078134748300432655e-12
1.539000000000000000e+03,1.707569632566907636e-12
1.541000000000000000e+03,1.839361779207293601e-12
1.543000000000000000e+03,1.978420031967242920e-12
1.545000000000000000e+03,1.940040142422994052e-12
1.547000000000000000e+03,3.945542352036535139e-12
1.549000000000000000e+03,2.107748437590872825e-12
1.551000000000000000e+03,1.974736563506440667e-12
1.553000000000000000e+03,1.557251614985044608e-12
1.555000000000000000e+03,1.927329823514511986e-12
1.557000000000000000e+03,3.861117805689651128e-12
1.559000000000000000e+03,1.900568894971921274e-12
1.561000000000000000e+03,1.746386889267537157e-12
1.563000000000000000e+03,1.793819541691388242e-12
1.565000000000000000e+03,2.036546278838535784e-12
1.567000000000000000e+03,3.526008369829358724e-12
1.569000000000000000e+03,1.562893803090659173e-12
1.571000000000000000e+03,1.598209520455029509e-12
1.573000000000000000e+03,1.817772603447675994e-12
1.575000000000000000e+03,1.707834394737428596e-12
1.577000000000000000e+03,1.781073335690996906e-12
1.579000000000000000e+03,3.406240675803140494e-12
1.581000000000000000e+03,1.730171127894974958e-12
1.583000000000000000e+03,1.680058436120956955e-12
1.585000000000000000e+03,1.818781453569173756e-12
1.587000000000000000e+03,1.603897570312540211e-12
1.589000000000000000e+03,3.514741124012454865e-12
1.591000000000000000e+03,1.805334636124922287e-12
1.593000000000000000e+03,1.982095694172403277e-12
1.595000000000000000e+03,1.610532128666630758e-12
1.597000000000000000e+03,1.822821407704289243e-12
1.599000000000000000e+03,3.351531292078435698e-12
1.601000000000000000e+03,1.704815325367925460e-12
1.603000000000000000e+03,1.595217556139838511e-12
1.605000000000000000e+03,1.492816070411406848e-12
1.607000000000000000e+03,1.577740108699154931e-12
1.609000000000000000e+03,3.191234060860581589e-12
1.611000000000000000e+03,1.600887608241285953e-12
1.613000000000000000e+03,1.723643471875091482e-12
1.615000000000000000e+03,1.522308971588226534e-12
