wavelength_100s,photons_100s,wavelength_1000s,photons_1000s
9.390000000000000000e+02,2.594395110129901241e+02,9.390000000000000000e+02,2.594395110129901241e+03
9.410000000000000000e+02,3.072727358229615220e+02,9.410000000000000000e+02,3.072727358229615220e+03
9.430000000000000000e+02,2.072976341447173354e+02,9.430000000000000000e+02,2.072976341447173127e+03
9.450000000000000000e+02,2.719868224191949935e+02,9.450000000000000000e+02,2.719868224191950048e+03
9.470000000000000000e+02,3.489066445920840351e+02,9.470000000000000000e+02,3.489066445920840124e+03
9.490000000000000000e+02,1.672260988453464279e+02,9.490000000000000000e+02,1.672260988453464506e+03
9.510000000000000000e+02,2.789810982063540905e+02,9.510000000000000000e+02,2.789810982063541360e+03
9.530000000000000000e+02,3.944861927161973654e+02,9.530000000000000000e+02,3.944861927161974108e+03
9.550000000000000000e+02,2.959238518572102521e+02,9.550000000000000000e+02,2.959238518572102748e+03
9.570000000000000000e+02,4.623963396034674815e+02,9.570000000000000000e+02,4.623963396034674588e+03
9.590000000000000000e+02,4.466149074769239746e+02,9.590000000000000000e+02,4.466149074769239633e+03
9.610000000000000000e+02,7.925336396840876887e+02,9.610000000000000000e+02,7.925336396840876660e+03
9.630000000000000000e+02,8.149546700702435373e+02,9.630000000000000000e+02,8.149546700702436283e+03
9.650000000000000000e+02,8.497643037039296132e+02,9.650000000000000000e+02,8.497643037039297269e+03
9.670000000000000000e+02,9.998252833647553643e+02,9.670000000000000000e+02,9.998252833647553416e+03
9.690000000000000000e+02,1.183073418283936007e+03,9.690000000000000000e+02,1.183073418283936189e+04
9.710000000000000000e+02,9.847255998321322750e+02,9.710000000000000000e+02,9.847255998321323204e+03
9.730000000000000000e+02,5.026749296876472499e+02,9.730000000000000000e+02,5.026749296876472727e+03
9.750000000000000000e+02,1.140276875455073878e+03,9.750000000000000000e+02,1.140276875455073969e+04
9.770000000000000000e+02,8.056159421206390334e+02,9.770000000000000000e+02,8.056159421206390107e+03
9.790000000000000000e+02,1.338935285708076208e+03,9.790000000000000000e+02,1.338935285708076299e+04
9.810000000000000000e+02,1.089273941871024363e+03,9.810000000000000000e+02,1.089273941871024363e+04
9.830000000000000000e+02,1.245098422485707715e+03,9.830000000000000000e+02,1.245098422485707488e+04
9.850000000000000000e+02,1.219035828414351727e+03,9.850000000000000000e+02,1.219035828414351636e+04
9.870000000000000000e+02,1.035881781630611840e+03,9.870000000000000000e+02,1.035881781630611840e+04
9.890000000000000000e+02,6.755846472137114915e+02,9.890000000000000000e+02,6.755846472137115597e+03
9.910000000000000000e+02,7.439179054570221297e+02,9.910000000000000000e+02,7.439179054570220615e+03
9.930000000000000000e+02,7.965657965650070764e+02,9.930000000000000000e+02,7.965657965650070764e+03
9.950000000000000000e+02,1.298666409117059629e+03,9.950000000000000000e+02,1.298666409117059629e+04
9.970000000000000000e+02,1.936122324037881299e+03,9.970000000000000000e+02,1.936122324037881117e+04
9.990000000000000000e+02,2.393050099956642043e+03,9.990000000000000000e+02,2.393050099956642225e+04
1.001000000000000000e+03,3.300867761359510951e+03,1.001000000000000000e+03,3.300867761359510769e+04
1.003000000000000000e+03,4.339256679106899355e+03,1.003000000000000000e+03,4.339256679106898810e+04
1.005000000000000000e+03,5.760010442609476740e+03,1.005000000000000000e+03,5.760010442609477468e+04
1.007000000000000000e+03,6.554474446887605154e+03,1.007000000000000000e+03,6.554474446887605882e+04
1.009000000000000000e+03,8.325977148924464927e+03,1.009000000000000000e+03,8.325977148924463836e+04
1.011000000000000000e+03,8.455858404891248938e+03,1.011000000000000000e+03,8.455858404891249666e+04
1.013000000000000000e+03,1.011792747785044412e+04,1.013000000000000000e+03,1.011792747785044485e+05
1.015000000000000000e+03,1.271045714498838242e+04,1.015000000000000000e+03,1.271045714498838352e+05
1.017000000000000000e+03,1.375061387483770704e+04,1.017000000000000000e+03,1.375061387483770668e+05
1.019000000000000000e+03,1.812855553733342822e+04,1.019000000000000000e+03,1.812855553733342967e+05
1.021000000000000000e+03,1.708824290145620398e+04,1.021000000000000000e+03,1.708824290145620471e+05
1.023000000000000000e+03,1.752420493218615229e+04,1.023000000000000000e+03,1.752420493218615302e+05
1.025000000000000000e+03,9.013233123885165696e+03,1.025000000000000000e+03,9.013233123885166424e+04
1.027000000000000000e+03,1.204429776101480638e+04,1.027000000000000000e+03,1.204429776101480675e+05
1.029000000000000000e+03,1.827528111110469035e+04,1.029000000000000000e+03,1.827528111110469035e+05
1.031000000000000000e+03,1.859239871208244585e+04,1.031000000000000000e+03,1.859239871208244876e+05
1.033000000000000000e+03,2.351660238647868027e+04,1.033000000000000000e+03,2.351660238647868100e+05
1.035000000000000000e+03,2.446230813088071227e+04,1.035000000000000000e+03,2.446230813088071300e+05
1.037000000000000000e+03,1.626521680076458688e+04,1.037000000000000000e+03,1.626521680076458724e+05
1.039000000000000000e+03,2.243968028771492391e+04,1.039000000000000000e+03,2.243968028771492245e+05
1.041000000000000000e+03,2.440812714140024036e+04,1.041000000000000000e+03,2.440812714140024327e+05
1.043000000000000000e+03,2.876275867680458759e+04,1.043000000000000000e+03,2.876275867680458468e+05
1.045000000000000000e+03,2.854874131132815455e+04,1.045000000000000000e+03,2.854874131132815382e+05
1.047000000000000000e+03,2.740409452330235217e+04,1.047000000000000000e+03,2.740409452330234926e+05
1.049000000000000000e+03,2.534975634030146830e+04,1.049000000000000000e+03,2.534975634030146757e+05
1.051000000000000000e+03,2.630180843701019330e+04,1.051000000000000000e+03,2.630180843701019185e+05
1.053000000000000000e+03,2.836438768871603679e+04,1.053000000000000000e+03,2.836438768871603534e+05
1.055000000000000000e+03,2.805600535756624959e+04,1.055000000000000000e+03,2.805600535756625468e+05
1.057000000000000000e+03,2.922630762945836977e+04,1.057000000000000000e+03,2.922630762945837341e+05
1.059000000000000000e+03,3.059057593536042623e+04,1.059000000000000000e+03,3.059057593536042841e+05
1.061000000000000000e+03,3.071645553196453329e+04,1.061000000000000000e+03,3.071645553196453257e+05
1.063000000000000000e+03,2.655409698611377826e+04,1.063000000000000000e+03,2.655409698611377971e+05
1.065000000000000000e+03,2.912087530360832534e+04,1.065000000000000000e+03,2.912087530360832461e+05
1.067000000000000000e+03,2.592287210116462302e+04,1.067000000000000000e+03,2.592287210116462375e+05
1.069000000000000000e+03,2.859456214234713843e+04,1.069000000000000000e+03,2.859456214234713698e+05
1.071000000000000000e+03,2.814999910473855562e+04,1.071000000000000000e+03,2.814999910473856144e+05
1.073000000000000000e+03,2.746654985729459440e+04,1.073000000000000000e+03,2.746654985729459440e+05
1.075000000000000000e+03,2.749770365211807075e+04,1.075000000000000000e+03,2.749770365211807075e+05
1.077000000000000000e+03,2.929064945465176061e+04,1.077000000000000000e+03,2.929064945465176133e+05
1.079000000000000000e+03,2.877315557965204061e+04,1.079000000000000000e+03,2.877315557965204353e+05
1.081000000000000000e+03,3.108287823370873957e+04,1.081000000000000000e+03,3.108287823370873812e+05
1.083000000000000000e+03,2.989850335359512610e+04,1.083000000000000000e+03,2.989850335359512828e+05
1.085000000000000000e+03,1.561668687242547458e+04,1.085000000000000000e+03,1.561668687242547458e+05
1.087000000000000000e+03,2.493524807201151634e+04,1.087000000000000000e+03,2.493524807201151561e+05
1.089000000000000000e+03,2.932339267956952244e+04,1.089000000000000000e+03,2.932339267956952099e+05
1.091000000000000000e+03,2.893179985953228243e+04,1.091000000000000000e+03,2.893179985953228315e+05
1.093000000000000000e+03,2.863599775860833324e+04,1.093000000000000000e+03,2.863599775860832888e+05
1.095000000000000000e+03,3.016336814603068342e+04,1.095000000000000000e+03,3.016336814603068633e+05
1.097000000000000000e+03,2.920242149747662552e+04,1.097000000000000000e+03,2.920242149747662479e+05
1.099000000000000000e+03,2.936009731812378595e+04,1.099000000000000000e+03,2.936009731812378159e+05
1.101000000000000000e+03,3.071574725260767082e+04,1.101000000000000000e+03,3.071574725260767154e+05
1.103000000000000000e+03,3.151192507771159580e+04,1.103000000000000000e+03,3.151192507771159871e+05
1.105000000000000000e+03,3.063028196952423241e+04,1.105000000000000000e+03,3.063028196952422732e+05
1.107000000000000000e+03,2.862985124151337004e+04,1.107000000000000000e+03,2.862985124151337077e+05
1.109000000000000000e+03,2.798145211528719301e+04,1.109000000000000000e+03,2.798145211528719519e+05
1.111000000000000000e+03,3.057335642784780430e+04,1.111000000000000000e+03,3.057335642784780939e+05
1.113000000000000000e+03,2.902220799695876485e+04,1.113000000000000000e+03,2.902220799695876194e+05
1.115000000000000000e+03,3.008052574831754828e+04,1.115000000000000000e+03,3.008052574831754901e+05
1.117000000000000000e+03,2.973485596739118409e+04,1.117000000000000000e+03,2.973485596739118919e+05
1.119000000000000000e+03,2.500251303478565387e+04,1.119000000000000000e+03,2.500251303478565533e+05
1.121000000000000000e+03,2.974804996274662699e+04,1.121000000000000000e+03,2.974804996274662553e+05
1.123000000000000000e+03,2.477838684586561067e+04,1.123000000000000000e+03,2.477838684586561285e+05
1.125000000000000000e+03,2.819687353722725675e+04,1.125000000000000000e+03,2.819687353722726111e+05
1.127000000000000000e+03,2.964959178398180666e+04,1.127000000000000000e+03,2.964959178398181102e+05
1.129000000000000000e+03,2.031538209055809784e+04,1.129000000000000000e+03,2.031538209055810003e+05
1.131000000000000000e+03,2.778319134429082624e+04,1.131000000000000000e+03,2.778319134429082624e+05
1.133000000000000000e+03,2.381604460391444445e+04,1.133000000000000000e+03,2.381604460391444445e+05
1.135000000000000000e+03,1.840859052241304016e+04,1.135000000000000000e+03,1.840859052241304016e+05
1.137000000000000000e+03,2.750318856419443182e+04,1.137000000000000000e+03,2.750318856419443036e+05
1.139000000000000000e+03,2.804209533574652232e+04,1.139000000000000000e+03,2.804209533574652160e+05
1.141000000000000000e+03,2.882944994319527541e+04,1.141000000000000000e+03,2.882944994319527759e+05
1.143000000000000000e+03,2.865215121779754190e+04,1.143000000000000000e+03,2.865215121779753827e+05
1.145000000000000000e+03,2.624567386409962273e+04,1.145000000000000000e+03,2.624567386409962201e+05
1.147000000000000000e+03,2.913180589775770204e+04,1.147000000000000000e+03,2.913180589775769622e+05
1.149000000000000000e+03,2.828847133227714221e+04,1.149000000000000000e+03,2.828847133227714221e+05
1.151000000000000000e+03,2.734774198502115178e+04,1.151000000000000000e+03,2.734774198502115323e+05
1.153000000000000000e+03,2.400110348147723562e+04,1.153000000000000000e+03,2.400110348147723416e+05
1.155000000000000000e+03,2.507873445611104034e+04,1.155000000000000000e+03,2.507873445611104253e+05
1.157000000000000000e+03,2.481824817052869184e+04,1.157000000000000000e+03,2.481824817052869184e+05
1.159000000000000000e+03,2.380053008202388810e+04,1.159000000000000000e+03,2.380053008202388592e+05
1.161000000000000000e+03,2.412013500551067409e+04,1.161000000000000000e+03,2.412013500551067409e+05
1.163000000000000000e+03,2.452438831411622232e+04,1.163000000000000000e+03,2.452438831411622523e+05
1.165000000000000000e+03,2.414287190507156629e+04,1.165000000000000000e+03,2.414287190507156774e+05
1.167000000000000000e+03,2.314358394056624456e+04,1.167000000000000000e+03,2.314358394056624675e+05
1.169000000000000000e+03,1.955502672200538655e+04,1.169000000000000000e+03,1.955502672200538509e+05
1.171000000000000000e+03,2.172212468493426422e+04,1.171000000000000000e+03,2.172212468493426277e+05
1.173000000000000000e+03,2.141666300479598431e+04,1.173000000000000000e+03,2.141666300479598285e+05
1.175000000000000000e+03,1.884379051113473543e+04,1.175000000000000000e+03,1.884379051113473251e+05
1.177000000000000000e+03,1.571472528135313769e+04,1.177000000000000000e+03,1.571472528135313769e+05
1.179000000000000000e+03,1.938410458793488579e+04,1.179000000000000000e+03,1.938410458793488506e+05
1.181000000000000000e+03,1.985107431083303891e+04,1.181000000000000000e+03,1.985107431083303818e+05
1.183000000000000000e+03,1.805835637008373305e+04,1.183000000000000000e+03,1.805835637008373160e+05
1.185000000000000000e+03,1.798025193849336574e+04,1.185000000000000000e+03,1.798025193849336647e+05
1.187000000000000000e+03,1.916935695960193698e+04,1.187000000000000000e+03,1.916935695960193698e+05
1.189000000000000000e+03,1.840996401593609335e+04,1.189000000000000000e+03,1.840996401593609480e+05
1.191000000000000000e+03,1.452857496033326606e+04,1.191000000000000000e+03,1.452857496033326606e+05
1.193000000000000000e+03,1.473751882648775063e+04,1.193000000000000000e+03,1.473751882648775063e+05
1.195000000000000000e+03,1.666785522359451716e+04,1.195000000000000000e+03,1.666785522359451570e+05
1.197000000000000000e+03,1.487785091529749661e+04,1.197000000000000000e+03,1.487785091529749916e+05
1.199000000000000000e+03,1.295279760287849058e+04,1.199000000000000000e+03,1.295279760287848912e+05
1.201000000000000000e+03,1.443355582218468044e+04,1.201000000000000000e+03,1.443355582218467898e+05
1.203000000000000000e+03,1.613690371674495327e+04,1.203000000000000000e+03,1.613690371674495400e+05
1.205000000000000000e+03,1.659298815619833113e+04,1.205000000000000000e+03,1.659298815619833185e+05
1.207000000000000000e+03,1.280419112625457819e+04,1.207000000000000000e+03,1.280419112625457783e+05
1.209000000000000000e+03,1.483105380535289441e+04,1.209000000000000000e+03,1.483105380535289587e+05
1.211000000000000000e+03,1.249073476904900599e+04,1.211000000000000000e+03,1.249073476904900599e+05
1.213000000000000000e+03,6.404088630260518585e+03,1.213000000000000000e+03,6.404088630260518403e+04
1.215000000000000000e+03,9.917816152562032812e+02,1.215000000000000000e+03,9.917816152562034404e+03
1.217000000000000000e+03,7.398728799228911157e+02,1.217000000000000000e+03,7.398728799228912067e+03
1.219000000000000000e+03,8.141591535901321549e+03,1.219000000000000000e+03,8.141591535901320458e+04
1.221000000000000000e+03,1.315754045830488030e+04,1.221000000000000000e+03,1.315754045830488030e+05
1.223000000000000000e+03,1.453241726703721542e+04,1.223000000000000000e+03,1.453241726703721506e+05
1.225000000000000000e+03,1.515287669348064446e+04,1.225000000000000000e+03,1.515287669348064228e+05
1.227000000000000000e+03,1.556167633966395806e+04,1.227000000000000000e+03,1.556167633966395806e+05
1.229000000000000000e+03,1.349854151477178129e+04,1.229000000000000000e+03,1.349854151477178093e+05
1.231000000000000000e+03,1.425158409538015985e+04,1.231000000000000000e+03,1.425158409538015840e+05
1.233000000000000000e+03,9.866498595469705833e+03,1.233000000000000000e+03,9.866498595469704014e+04
1.235000000000000000e+03,3.928329802471016137e+03,1.235000000000000000e+03,3.928329802471016592e+04
1.237000000000000000e+03,3.576986408085022504e+03,1.237000000000000000e+03,3.576986408085022413e+04
1.239000000000000000e+03,4.563808646420071454e+03,1.239000000000000000e+03,4.563808646420070727e+04
1.241000000000000000e+03,6.037155547825643225e+03,1.241000000000000000e+03,6.037155547825643589e+04
1.243000000000000000e+03,1.187780491917072868e+04,1.243000000000000000e+03,1.187780491917072795e+05
1.245000000000000000e+03,1.727784290615062491e+04,1.245000000000000000e+03,1.727784290615062637e+05
1.247000000000000000e+03,1.590139491005502896e+04,1.247000000000000000e+03,1.590139491005503223e+05
1.249000000000000000e+03,1.381943055821655980e+04,1.249000000000000000e+03,1.381943055821656017e+05
1.251000000000000000e+03,1.229146702826453111e+04,1.251000000000000000e+03,1.229146702826453111e+05
1.253000000000000000e+03,1.219405093342075452e+04,1.253000000000000000e+03,1.219405093342075415e+05
1.255000000000000000e+03,1.252277890959559227e+04,1.255000000000000000e+03,1.252277890959559154e+05
1.257000000000000000e+03,1.343447990738164663e+04,1.257000000000000000e+03,1.343447990738164808e+05
1.259000000000000000e+03,1.174347071919496739e+04,1.259000000000000000e+03,1.174347071919496666e+05
1.261000000000000000e+03,9.424830302972515710e+03,1.261000000000000000e+03,9.424830302972515346e+04
1.263000000000000000e+03,1.332501582166045409e+04,1.263000000000000000e+03,1.332501582166045555e+05
1.265000000000000000e+03,1.336211017821279165e+04,1.265000000000000000e+03,1.336211017821278947e+05
1.267000000000000000e+03,1.198258088365245203e+04,1.267000000000000000e+03,1.198258088365245203e+05
1.269000000000000000e+03,1.285010976471133836e+04,1.269000000000000000e+03,1.285010976471133763e+05
1.271000000000000000e+03,1.179637979817718406e+04,1.271000000000000000e+03,1.179637979817718442e+05
1.273000000000000000e+03,1.144615444789252797e+04,1.273000000000000000e+03,1.144615444789252797e+05
1.275000000000000000e+03,1.280103465846166546e+04,1.275000000000000000e+03,1.280103465846166655e+05
1.277000000000000000e+03,1.206449731065897504e+04,1.277000000000000000e+03,1.206449731065897649e+05
1.279000000000000000e+03,1.272647510958927887e+04,1.279000000000000000e+03,1.272647510958927887e+05
1.281000000000000000e+03,1.171999260980782492e+04,1.281000000000000000e+03,1.171999260980782565e+05
1.283000000000000000e+03,1.089648425710658375e+04,1.283000000000000000e+03,1.089648425710658339e+05
1.285000000000000000e+03,1.016281042120439452e+04,1.285000000000000000e+03,1.016281042120439524e+05
1.287000000000000000e+03,1.049953690030088910e+04,1.287000000000000000e+03,1.049953690030088910e+05
1.289000000000000000e+03,1.065522235552865823e+04,1.289000000000000000e+03,1.065522235552865895e+05
1.291000000000000000e+03,1.109758528980292249e+04,1.291000000000000000e+03,1.109758528980292176e+05
1.293000000000000000e+03,1.154307643795403783e+04,1.293000000000000000e+03,1.154307643795403710e+05
1.295000000000000000e+03,1.194436951905591377e+04,1.295000000000000000e+03,1.194436951905591413e+05
1.297000000000000000e+03,1.028614648015511739e+04,1.297000000000000000e+03,1.028614648015511775e+05
1.299000000000000000e+03,1.133125848325862717e+04,1.299000000000000000e+03,1.133125848325862753e+05
1.301000000000000000e+03,1.031648459159048798e+04,1.301000000000000000e+03,1.031648459159048944e+05
1.303000000000000000e+03,8.792169172293375595e+03,1.303000000000000000e+03,8.792169172293375595e+04
1.305000000000000000e+03,9.029018244432239953e+03,1.305000000000000000e+03,9.029018244432237407e+04
1.307000000000000000e+03,9.258932590227987021e+03,1.307000000000000000e+03,9.258932590227985929e+04
1.309000000000000000e+03,9.765137405224786562e+03,1.309000000000000000e+03,9.765137405224786198e+04
1.311000000000000000e+03,8.456037555474524197e+03,1.311000000000000000e+03,8.456037555474523106e+04
1.313000000000000000e+03,8.839416560357985873e+03,1.313000000000000000e+03,8.839416560357986600e+04
1.315000000000000000e+03,9.231539188017222841e+03,1.315000000000000000e+03,9.231539188017223205e+04
1.317000000000000000e+03,9.103327052991313394e+03,1.317000000000000000e+03,9.103327052991311939e+04
1.319000000000000000e+03,7.977421829769948090e+03,1.319000000000000000e+03,7.977421829769949545e+04
1.321000000000000000e+03,8.465602595371567077e+03,1.321000000000000000e+03,8.465602595371569623e+04
1.323000000000000000e+03,8.831493981051264200e+03,1.323000000000000000e+03,8.831493981051263108e+04
1.325000000000000000e+03,9.011780108776367342e+03,1.325000000000000000e+03,9.011780108776366978e+04
1.327000000000000000e+03,1.010239008999580255e+04,1.327000000000000000e+03,1.010239008999580255e+05
1.329000000000000000e+03,9.475351531523856465e+03,1.329000000000000000e+03,9.475351531523857557e+04
1.331000000000000000e+03,9.110622078104741377e+03,1.331000000000000000e+03,9.110622078104742104e+04
1.333000000000000000e+03,9.585143888909480665e+03,1.333000000000000000e+03,9.585143888909480302e+04
1.335000000000000000e+03,6.762164245768752153e+03,1.335000000000000000e+03,6.762164245768751425e+04
1.337000000000000000e+03,9.222104966168257306e+03,1.337000000000000000e+03,9.222104966168256942e+04
1.339000000000000000e+03,9.099258228985989263e+03,1.339000000000000000e+03,9.099258228985988535e+04
1.341000000000000000e+03,8.945198790046297290e+03,1.341000000000000000e+03,8.945198790046299109e+04
1.343000000000000000e+03,8.321604730264065438e+03,1.343000000000000000e+03,8.321604730264065438e+04
1.345000000000000000e+03,9.101815529142610103e+03,1.345000000000000000e+03,9.101815529142609739e+04
1.347000000000000000e+03,8.205899526949691790e+03,1.347000000000000000e+03,8.205899526949693973e+04
1.349000000000000000e+03,7.503933126721593908e+03,1.349000000000000000e+03,7.503933126721593726e+04
1.351000000000000000e+03,7.538731354377207026e+03,1.351000000000000000e+03,7.538731354377207754e+04
1.353000000000000000e+03,8.214029449311508870e+03,1.353000000000000000e+03,8.214029449311507051e+04
1.355000000000000000e+03,8.215242464971493973e+03,1.355000000000000000e+03,8.215242464971492882e+04
1.357000000000000000e+03,8.020924371727496691e+03,1.357000000000000000e+03,8.020924371727496327e+04
1.359000000000000000e+03,7.296097423253671877e+03,1.359000000000000000e+03,7.296097423253671150e+04
1.361000000000000000e+03,7.867342933340572927e+03,1.361000000000000000e+03,7.867342933340572927e+04
1.363000000000000000e+03,6.660392230426899005e+03,1.363000000000000000e+03,6.660392230426899914e+04
1.365000000000000000e+03,7.334195901311181842e+03,1.365000000000000000e+03,7.334195901311183115e+04
1.367000000000000000e+03,7.820318564974991205e+03,1.367000000000000000e+03,7.820318564974991023e+04
1.369000000000000000e+03,8.803951274495899270e+03,1.369000000000000000e+03,8.803951274495899270e+04
1.371000000000000000e+03,6.974176475957396178e+03,1.371000000000000000e+03,6.974176475957396906e+04
1.373000000000000000e+03,6.346580966162351615e+03,1.373000000000000000e+03,6.346580966162351979e+04
1.375000000000000000e+03,5.382597184594061218e+03,1.375000000000000000e+03,5.382597184594060673e+04
1.377000000000000000e+03,6.094949802412154895e+03,1.377000000000000000e+03,6.094949802412154531e+04
1.379000000000000000e+03,0.000000000000000000e+00,1.379000000000000000e+03,6.064307912695471168e+04
1.381000000000000000e+03,8.569789211797773532e+03,1.381000000000000000e+03,8.569789211797772441e+04
1.383000000000000000e+03,7.398863573640505820e+03,1.383000000000000000e+03,7.398863573640504910e+04
1.385000000000000000e+03,6.520514753430196834e+03,1.385000000000000000e+03,6.520514753430196288e+04
1.387000000000000000e+03,5.615024207935479353e+03,1.387000000000000000e+03,5.615024207935480081e+04
1.389000000000000000e+03,5.230513620570696730e+03,1.389000000000000000e+03,5.230513620570697094e+04
1.391000000000000000e+03,6.738482935237855600e+03,1.391000000000000000e+03,6.738482935237856873e+04
1.393000000000000000e+03,6.586031468664152271e+03,1.393000000000000000e+03,6.586031468664151907e+04
1.395000000000000000e+03,5.375919218164149243e+03,1.395000000000000000e+03,5.375919218164149788e+04
1.397000000000000000e+03,7.141705773991558999e+03,1.397000000000000000e+03,7.141705773991558817e+04
1.399000000000000000e+03,7.110687698131586330e+03,1.399000000000000000e+03,7.110687698131585785e+04
1.401000000000000000e+03,7.347358267673940645e+03,1.401000000000000000e+03,7.347358267673941737e+04
1.403000000000000000e+03,5.597018530558269049e+03,1.403000000000000000e+03,5.597018530558269413e+04
1.405000000000000000e+03,6.663926594790738818e+03,1.405000000000000000e+03,6.663926594790739182e+04
1.407000000000000000e+03,5.547698858505407770e+03,1.407000000000000000e+03,5.547698858505407406e+04
1.409000000000000000e+03,4.777929406539055890e+03,1.409000000000000000e+03,4.777929406539056072e+04
