waves,flux
9.390000000000000000e+02,2.204184327651385505e-10
9.410000000000000000e+02,2.605024361378944357e-10
9.430000000000000000e+02,1.753719124828254815e-10
9.450000000000000000e+02,2.296113965252380019e-10
9.470000000000000000e+02,2.939250809708438323e-10
9.490000000000000000e+02,1.405773108275105337e-10
9.510000000000000000e+02,2.340300621011366485e-10
9.530000000000000000e+02,2.816000888411304849e-10
9.550000000000000000e+02,1.816275661026229747e-10
9.570000000000000000e+02,2.482018475777645322e-10
9.590000000000000000e+02,2.117431139761791483e-10
9.610000000000000000e+02,3.333772023871183201e-10
9.630000000000000000e+02,3.053701446009541405e-10
9.650000000000000000e+02,2.847060497364994180e-10
9.670000000000000000e+02,3.055000333037957717e-10
9.690000000000000000e+02,3.362394911110566653e-10
9.710000000000000000e+02,2.626157375269912702e-10
9.730000000000000000e+02,1.273889213800743209e-10
9.750000000000000000e+02,2.801034143001683482e-10
9.770000000000000000e+02,1.918690560744942607e-10
9.790000000000000000e+02,3.115210091060680596e-10
9.810000000000000000e+02,2.626448981141788490e-10
9.830000000000000000e+02,3.134538687638022125e-10
9.850000000000000000e+02,3.238604988501346387e-10
9.870000000000000000e+02,2.878003601787595515e-10
9.890000000000000000e+02,1.964015991818379385e-10
9.910000000000000000e+02,1.875453653823932357e-10
9.930000000000000000e+02,1.657295113148350883e-10
9.950000000000000000e+02,2.248065532038113746e-10
9.970000000000000000e+02,2.815953642018547924e-10
9.990000000000000000e+02,2.734411492867825868e-10
1.001000000000000000e+03,2.767169924342748596e-10
1.003000000000000000e+03,2.784627277301566350e-10
1.005000000000000000e+03,2.912366663779273401e-10
1.007000000000000000e+03,2.676825266241851888e-10
1.009000000000000000e+03,2.629763457466912952e-10
1.011000000000000000e+03,2.295274860698124580e-10
1.013000000000000000e+03,2.454024108519893446e-10
1.015000000000000000e+03,2.765788570391336521e-10
1.017000000000000000e+03,2.684617877208544034e-10
1.019000000000000000e+03,3.238600752654617278e-10
1.021000000000000000e+03,2.881519934447971312e-10
1.023000000000000000e+03,2.825655164583617246e-10
1.025000000000000000e+03,1.392451621375935554e-10
1.027000000000000000e+03,1.784845896812359090e-10
1.029000000000000000e+03,2.606479592690127229e-10
1.031000000000000000e+03,2.555833163268332635e-10
1.033000000000000000e+03,3.116918737000595740e-10
1.035000000000000000e+03,3.127131045940266581e-10
1.037000000000000000e+03,2.011787573999364463e-10
1.039000000000000000e+03,2.699514283105361706e-10
1.041000000000000000e+03,2.856570742391003072e-10
1.043000000000000000e+03,3.300484271849170177e-10
1.045000000000000000e+03,3.217986652868263391e-10
1.047000000000000000e+03,3.034514937454383906e-10
1.049000000000000000e+03,2.757757624954051632e-10
1.051000000000000000e+03,2.825642769008964327e-10
1.053000000000000000e+03,3.024490380365563169e-10
1.055000000000000000e+03,2.969370541324253378e-10
1.057000000000000000e+03,3.070328025819318753e-10
1.059000000000000000e+03,3.189962274429749767e-10
1.061000000000000000e+03,3.176127580772306015e-10
1.063000000000000000e+03,2.709560854305487972e-10
1.065000000000000000e+03,2.932522308949560729e-10
1.067000000000000000e+03,2.576195537962762451e-10
1.069000000000000000e+03,2.809870829935390280e-10
1.071000000000000000e+03,2.741938108187834119e-10
1.073000000000000000e+03,2.651996383179904938e-10
1.075000000000000000e+03,2.631877339996326237e-10
1.077000000000000000e+03,2.779133493201233569e-10
1.079000000000000000e+03,2.714124213676002191e-10
1.081000000000000000e+03,2.917557806044597020e-10
1.083000000000000000e+03,2.788897064138211196e-10
1.085000000000000000e+03,1.447059275404164988e-10
1.087000000000000000e+03,2.295321312443828124e-10
1.089000000000000000e+03,2.668956612154772149e-10
1.091000000000000000e+03,2.603801885475015565e-10
1.093000000000000000e+03,2.548380296467962396e-10
1.095000000000000000e+03,2.657939946696524780e-10
1.097000000000000000e+03,2.556612684143783065e-10
1.099000000000000000e+03,2.553848717971126767e-10
1.101000000000000000e+03,2.654612470014245951e-10
1.103000000000000000e+03,2.706543457920458685e-10
1.105000000000000000e+03,2.618079385340539474e-10
1.107000000000000000e+03,2.440469636307849143e-10
1.109000000000000000e+03,2.378919559300213055e-10
1.111000000000000000e+03,2.592469467696761968e-10
1.113000000000000000e+03,2.454527031894233062e-10
1.115000000000000000e+03,2.537437944945726844e-10
1.117000000000000000e+03,2.501821523246119456e-10
1.119000000000000000e+03,2.099545666291367671e-10
1.121000000000000000e+03,2.496031734165043980e-10
1.123000000000000000e+03,2.079728020657964360e-10
1.125000000000000000e+03,2.369889267467284455e-10
1.127000000000000000e+03,2.497933036263679636e-10
1.129000000000000000e+03,1.715963677817455821e-10
1.131000000000000000e+03,2.350048747151019035e-10
1.133000000000000000e+03,2.029994371673578714e-10
1.135000000000000000e+03,1.581525752799263572e-10
1.137000000000000000e+03,2.373774482988628745e-10
1.139000000000000000e+03,2.423075747334665518e-10
1.141000000000000000e+03,2.494033859363180167e-10
1.143000000000000000e+03,2.484767082948861570e-10
1.145000000000000000e+03,2.286232078428248770e-10
1.147000000000000000e+03,2.553213830834368106e-10
1.149000000000000000e+03,2.498860838596529284e-10
1.151000000000000000e+03,2.436210414990816015e-10
1.153000000000000000e+03,2.157099185088339906e-10
1.155000000000000000e+03,2.278299166556501657e-10
1.157000000000000000e+03,2.280429999731192360e-10
1.159000000000000000e+03,2.213084720111465232e-10
1.161000000000000000e+03,2.269923691141280739e-10
1.163000000000000000e+03,2.336135114059760045e-10
1.165000000000000000e+03,2.328109691140945007e-10
1.167000000000000000e+03,2.257543257524620386e-10
1.169000000000000000e+03,1.929174397643652852e-10
1.171000000000000000e+03,2.167557681612278632e-10
1.173000000000000000e+03,2.161867944965526987e-10
1.175000000000000000e+03,1.925043846790505350e-10
1.177000000000000000e+03,1.625593667900951471e-10
1.179000000000000000e+03,2.031337330312610201e-10
1.181000000000000000e+03,2.107767834790236844e-10
1.183000000000000000e+03,1.943050867473487582e-10
1.185000000000000000e+03,1.960514699578061564e-10
1.187000000000000000e+03,2.118410712855544766e-10
1.189000000000000000e+03,2.064274170619655537e-10
1.191000000000000000e+03,1.653165124949496009e-10
1.193000000000000000e+03,1.702043680764283145e-10
1.195000000000000000e+03,1.950561006695365254e-10
1.197000000000000000e+03,1.753969064895629364e-10
1.199000000000000000e+03,1.530956873647197178e-10
1.201000000000000000e+03,1.535261126801043227e-10
1.203000000000000000e+03,1.732844923488203357e-10
1.205000000000000000e+03,1.798146686112936884e-10
1.207000000000000000e+03,1.399588825601019208e-10
1.209000000000000000e+03,1.634491499262212559e-10
1.211000000000000000e+03,1.387757546548749903e-10
1.213000000000000000e+03,7.173168623382663824e-11
1.215000000000000000e+03,1.120136459995740027e-11
1.217000000000000000e+03,8.427290800086485800e-12
1.219000000000000000e+03,9.353440047153189710e-11
1.221000000000000000e+03,1.524666511338331995e-10
1.223000000000000000e+03,1.698591526378798096e-10
1.225000000000000000e+03,1.786528177708894104e-10
1.227000000000000000e+03,1.850735154751845079e-10
1.229000000000000000e+03,1.616914600358990979e-10
1.231000000000000000e+03,1.717556263880481889e-10
1.233000000000000000e+03,1.196389684291174028e-10
1.235000000000000000e+03,4.793101679445577190e-11
1.237000000000000000e+03,4.392041002960835433e-11
1.239000000000000000e+03,5.639521055006424533e-11
1.241000000000000000e+03,7.507954845063804405e-11
1.243000000000000000e+03,1.486649926427108248e-10
1.245000000000000000e+03,2.176476535547796470e-10
1.247000000000000000e+03,2.016061369991355980e-10
1.249000000000000000e+03,1.761815418172188348e-10
1.251000000000000000e+03,1.575233090896734933e-10
1.253000000000000000e+03,1.570636164231035732e-10
1.255000000000000000e+03,1.621207752027356283e-10
1.257000000000000000e+03,1.748525958796039346e-10
1.259000000000000000e+03,1.536984363084384073e-10
1.261000000000000000e+03,1.240558456180051259e-10
1.263000000000000000e+03,1.768258718460992149e-10
1.265000000000000000e+03,1.787800077732468464e-10
1.267000000000000000e+03,1.616491228751858610e-10
1.269000000000000000e+03,1.747906995909108891e-10
1.271000000000000000e+03,1.617937673988171976e-10
1.273000000000000000e+03,1.583008848013037714e-10
1.275000000000000000e+03,1.785222517928865396e-10
1.277000000000000000e+03,1.696652186304405243e-10
1.279000000000000000e+03,1.804518786381008953e-10
1.281000000000000000e+03,1.675240796473606361e-10
1.283000000000000000e+03,1.570168351820259595e-10
1.285000000000000000e+03,1.476375478131428981e-10
1.287000000000000000e+03,1.537763434217725442e-10
1.289000000000000000e+03,1.573357060464001399e-10
1.291000000000000000e+03,1.652142450625504466e-10
1.293000000000000000e+03,1.732620488381421492e-10
1.295000000000000000e+03,1.807533912901731709e-10
1.297000000000000000e+03,1.569087262384180148e-10
1.299000000000000000e+03,1.755790031112949565e-10
1.301000000000000000e+03,1.621276446428510098e-10
1.303000000000000000e+03,1.398736565623307135e-10
1.305000000000000000e+03,1.454231619593934485e-10
1.307000000000000000e+03,1.509844340601911856e-10
1.309000000000000000e+03,1.610100520082530646e-10
1.311000000000000000e+03,1.395765487315665167e-10
1.313000000000000000e+03,1.460642903323552432e-10
1.315000000000000000e+03,1.518044396095441900e-10
1.317000000000000000e+03,1.489741580368406727e-10
1.319000000000000000e+03,1.299224624786197710e-10
1.321000000000000000e+03,1.374028508074506124e-10
1.323000000000000000e+03,1.433398940407888670e-10
1.325000000000000000e+03,1.463204697629197920e-10
1.327000000000000000e+03,1.641686239408122746e-10
1.329000000000000000e+03,1.541555569093069626e-10
1.331000000000000000e+03,1.483979772136824023e-10
1.333000000000000000e+03,1.563246034191994542e-10
1.335000000000000000e+03,1.104250159592647206e-10
1.337000000000000000e+03,1.507921575671099888e-10
1.339000000000000000e+03,1.489793293970566260e-10
1.341000000000000000e+03,1.466544933332376015e-10
1.343000000000000000e+03,1.366162288748870486e-10
1.345000000000000000e+03,1.496796009209227898e-10
1.347000000000000000e+03,1.356338986437111149e-10
1.349000000000000000e+03,1.246675396249230640e-10
1.351000000000000000e+03,1.258611380394736177e-10
1.353000000000000000e+03,1.377743401309583597e-10
1.355000000000000000e+03,1.384247065583377251e-10
1.357000000000000000e+03,1.357721349564264371e-10
1.359000000000000000e+03,1.240973929009726810e-10
1.361000000000000000e+03,1.344618210347910143e-10
1.363000000000000000e+03,1.143872593323051994e-10
1.365000000000000000e+03,1.265742572185659112e-10
1.367000000000000000e+03,1.356268437568547971e-10
1.369000000000000000e+03,1.534407064548352079e-10
1.371000000000000000e+03,1.221520287430628007e-10
1.373000000000000000e+03,1.117149222971670187e-10
1.375000000000000000e+03,9.522038819824547854e-11
1.377000000000000000e+03,1.083648980733838560e-10
1.379000000000000000e+03,0.000000000000000000e+00
1.381000000000000000e+03,1.536845082411850812e-10
1.383000000000000000e+03,1.331865044838588654e-10
1.385000000000000000e+03,1.178216505840860302e-10
1.387000000000000000e+03,1.018474746149444381e-10
1.389000000000000000e+03,9.523944764777692133e-11
1.391000000000000000e+03,1.231716011781108427e-10
1.393000000000000000e+03,1.208556392462423170e-10
1.395000000000000000e+03,9.904101781754715109e-11
1.397000000000000000e+03,1.321206188897861001e-10
1.399000000000000000e+03,1.321288602140757655e-10
1.401000000000000000e+03,1.373581114046363407e-10
1.403000000000000000e+03,1.053169224052297187e-10
1.405000000000000000e+03,1.262137348610394091e-10
1.407000000000000000e+03,1.057647938455998434e-10
1.409000000000000000e+03,9.169188409301025355e-11
